{
  "generatedAt": "2026-07-20T23:31:51.388Z",
  "node": "v24.16.0",
  "scenarios": [
    {
      "name": "Leitura de catálogo",
      "route": "/produtos",
      "method": "GET",
      "totalRequests": 200,
      "concurrency": 20,
      "durationMs": 697.0119,
      "rps": 286.9391469500018,
      "avgMs": 43.0298455,
      "p95Ms": 147.7385,
      "p99Ms": 148.6945,
      "maxMs": 309.2767,
      "errors": 0
    },
    {
      "name": "Criação de carrinho",
      "route": "/carrinho",
      "method": "POST",
      "totalRequests": 120,
      "concurrency": 15,
      "durationMs": 296.4779,
      "rps": 404.75192248730855,
      "avgMs": 28.805003333333342,
      "p95Ms": 47.15009999999995,
      "p99Ms": 47.79679999999996,
      "maxMs": 49.09999999999991,
      "errors": 0
    }
  ]
}